{
  "src": [
    "soundsprite.webm",
    "soundsprite.mp3"
  ],
  "sprite": {
    "attack": [
      0,
      426.57596371882084
    ],
    "caveambient": [
      2000,
      55419.206349206346
    ],
    "death": [
      59000,
      1835.1700680272102
    ],
    "encounter": [
      62000,
      876.145124716551
    ],
    "enemy_crit": [
      64000,
      814.3083900226742
    ],
    "enemy_death": [
      66000,
      805.2607709750532
    ],
    "enemy_hit": [
      68000,
      469.8412698412682
    ],
    "forestambient": [
      70000,
      123798.00453514741
    ],
    "hit": [
      195000,
      224.3764172335716
    ],
    "pickup": [
      197000,
      2428.70748299319
    ],
    "player_block": [
      201000,
      5300.000000000011
    ],
    "player_crit": [
      208000,
      4964.240362811779
    ],
    "walk": [
      214000,
      395.5102040816314
    ]
  }
}