{
  "src": [
    "soundfile.webm",
    "soundfile.mp3"
  ],
  "sprite": {
    "attack": [
      0,
      426.57596371882084
    ],
    "caveambient": [
      2000,
      55419.206349206346
    ],
    "death": [
      59000,
      1835.1700680272102
    ],
    "encounter": [
      62000,
      876.145124716551
    ],
    "enemy_death": [
      64000,
      805.2607709750532
    ],
    "enemy_hit": [
      66000,
      469.8412698412682
    ],
    "forestambient": [
      68000,
      123798.00453514741
    ],
    "hit": [
      193000,
      224.3764172335716
    ],
    "pickup": [
      195000,
      2428.70748299319
    ],
    "walk": [
      199000,
      395.5102040816314
    ]
  }
}